City_ID,City,Country,Date,Lat,Lng,Max Temp,Humidity,Cloudiness,Wind Speed
0,Punta Arenas,CL,2022-10-16 21:43:52,-53.15,-70.9167,57.31,44,0,18.41
1,Bluff,NZ,2022-10-16 21:43:53,-46.6,168.3333,56.8,63,79,15.21
2,Busselton,AU,2022-10-16 21:39:37,-33.65,115.3333,53.06,84,54,8.3
3,Skowhegan,US,2022-10-16 21:41:18,44.7651,-69.7192,63.1,79,53,1.99
4,Sitka,US,2022-10-16 21:43:53,57.0531,-135.33,57.09,88,100,5.75
5,Severo-Kurilsk,RU,2022-10-16 21:38:59,50.6789,156.125,44.58,67,100,9.46
6,Olga,RU,2022-10-16 21:43:54,43.7444,135.2892,44.46,78,100,4.0
7,Sanlucar La Mayor,ES,2022-10-16 21:43:54,37.3871,-6.2011,74.48,63,100,1.99
8,Berlevag,NO,2022-10-16 21:43:54,70.8578,29.0864,42.8,87,40,6.91
9,Torbay,CA,2022-10-16 21:43:55,47.6666,-52.7314,52.39,87,100,13.8
10,San Francisco,US,2022-10-16 21:40:04,37.7749,-122.4194,69.75,75,100,10.36
11,Ponta Do Sol,PT,2022-10-16 21:43:55,32.6667,-17.1,72.23,76,51,2.44
12,Negombo,LK,2022-10-16 21:43:55,7.2083,79.8358,77.05,94,40,2.3
13,Dingle,PH,2022-10-16 21:43:56,10.9995,122.6711,77.11,89,100,6.42
14,Hasaki,JP,2022-10-16 21:43:56,35.7333,140.8333,68.4,90,100,7.16
15,Butaritari,KI,2022-10-16 21:43:57,3.0707,172.7902,81.55,70,72,16.49
16,Kibala,TD,2022-10-16 21:41:48,9.1104,18.3463,76.95,94,20,0.0
17,Hurricane,US,2022-10-16 21:42:07,37.1753,-113.2899,78.03,21,100,7.65
18,Ushuaia,AR,2022-10-16 21:43:57,-54.8,-68.3,49.66,50,0,6.91
19,Poyarkovo,RU,2022-10-16 21:43:57,49.6,128.6833,36.03,80,100,14.25
20,Grand Gaube,MU,2022-10-16 21:43:58,-20.0064,57.6608,72.0,78,13,1.99
21,Kapaa,US,2022-10-16 21:43:58,22.0752,-159.319,84.18,65,100,12.66
22,Hermanus,ZA,2022-10-16 21:43:59,-34.4187,19.2345,62.8,89,5,5.66
23,Lucea,JM,2022-10-16 21:43:59,18.451,-78.1736,86.86,75,6,8.66
24,Rikitea,PF,2022-10-16 21:44:00,-23.1203,-134.9692,68.68,61,52,18.07
25,Viani,CO,2022-10-16 21:44:00,4.8738,-74.5624,70.23,80,75,0.74
26,Yellowknife,CA,2022-10-16 21:44:00,62.456,-114.3525,32.52,86,75,18.99
27,Cherskiy,RU,2022-10-16 21:44:01,68.75,161.3,1.42,98,94,6.6
28,Ambon,ID,2022-10-16 21:44:01,-3.6954,128.1814,77.14,88,20,4.61
29,Hilo,US,2022-10-16 21:44:01,19.7297,-155.09,94.28,76,100,9.22
30,Mar Del Plata,AR,2022-10-16 21:44:02,-38.0023,-57.5575,59.02,87,0,11.01
31,Qaanaaq,GL,2022-10-16 21:44:02,77.484,-69.3632,22.32,90,97,6.76
32,Norman Wells,CA,2022-10-16 21:44:03,65.282,-126.8329,33.84,80,75,13.8
33,Katherine,AU,2022-10-16 21:44:03,-14.4667,132.2667,82.72,69,99,4.61
34,Ihosy,MG,2022-10-16 21:44:03,-22.4,46.1167,62.13,87,26,6.15
35,Mareeba,AU,2022-10-16 21:44:04,-17.0,145.4333,74.12,87,72,4.16
36,Nome,US,2022-10-16 21:44:04,64.5011,-165.4064,32.07,86,100,10.36
37,Talcahuano,CL,2022-10-16 21:44:05,-36.7167,-73.1167,56.88,77,0,13.8
38,Padang,ID,2022-10-16 21:44:05,-0.9492,100.3543,76.12,87,100,2.75
39,Albany,US,2022-10-16 21:42:35,42.6001,-73.9662,56.57,62,51,2.3
40,Charlottesville,US,2022-10-16 21:43:29,38.0293,-78.4767,64.13,90,100,5.75
41,Hithadhoo,MV,2022-10-16 21:44:06,-0.6,73.0833,80.73,67,100,9.26
42,Port Alfred,ZA,2022-10-16 21:44:06,-33.5906,26.891,65.17,92,100,1.01
43,Belyy Yar,RU,2022-10-16 21:44:07,53.6039,91.3903,19.29,93,92,0.0
44,Praia Da Vitoria,PT,2022-10-16 21:44:07,38.7333,-27.0667,66.76,68,75,19.46
45,Vaini,TO,2022-10-16 21:44:07,-21.2,-175.2,78.96,89,75,6.91
46,Mahebourg,MU,2022-10-16 21:44:08,-20.4081,57.7,71.89,83,40,8.05
47,Kangaatsiaq,GL,2022-10-16 21:45:08,68.3065,-53.4641,36.18,61,100,10.33
48,Meulaboh,ID,2022-10-16 21:45:09,4.1363,96.1285,75.47,81,100,2.35
49,Kaitangata,NZ,2022-10-16 21:45:09,-46.2817,169.8464,55.67,52,35,6.26
50,Opuwo,NA,2022-10-16 21:45:10,-18.0607,13.84,67.73,62,4,3.04
51,Pevek,RU,2022-10-16 21:45:10,69.7008,170.3133,6.91,96,96,4.94
52,Bredasdorp,ZA,2022-10-16 21:45:11,-34.5322,20.0403,61.43,87,10,6.35
53,Atuona,PF,2022-10-16 21:45:11,-9.8,-139.0333,76.24,76,4,9.26
54,Ribeira Grande,PT,2022-10-16 21:44:34,38.5167,-28.7,63.77,73,83,5.01
55,Mataura,NZ,2022-10-16 21:45:12,-46.1927,168.8643,56.48,57,61,4.79
56,Do Gonbadan,IR,2022-10-16 21:45:12,30.3586,50.7981,69.89,64,0,0.0
57,Gaoual,GN,2022-10-16 21:45:13,11.75,-13.2,75.0,91,100,2.73
58,Faanui,PF,2022-10-16 21:45:13,-16.4833,-151.75,78.89,67,10,14.76
59,Zaysan,KZ,2022-10-16 21:41:41,47.4667,84.8667,55.71,26,100,2.93
60,Ocampo,MX,2022-10-16 21:45:14,21.65,-101.5,76.87,22,4,4.32
61,Neiafu,TO,2022-10-16 21:45:14,-18.65,-173.9833,84.88,79,40,9.22
62,La Ronge,CA,2022-10-16 21:45:15,55.1001,-105.2842,35.85,55,100,9.22
63,Cabo San Lucas,MX,2022-10-16 21:45:15,22.8909,-109.9124,87.19,54,20,13.8
64,Petropavlovsk-Kamchatskiy,RU,2022-10-16 21:45:16,53.0452,158.6483,28.99,74,0,6.71
65,Ardakan,IR,2022-10-16 21:45:16,32.31,54.0175,71.76,15,0,4.16
66,Chokurdakh,RU,2022-10-16 21:45:16,70.6333,147.9167,13.35,88,99,11.56
67,Saskylakh,RU,2022-10-16 21:45:17,71.9167,114.0833,17.87,91,65,15.77
68,Dire,ML,2022-10-16 21:45:17,12.2833,-10.9667,75.31,90,100,3.04
69,Suntar,RU,2022-10-16 21:45:18,62.1444,117.6319,31.75,96,100,9.33
70,Cidreira,BR,2022-10-16 21:45:18,-30.1811,-50.2056,64.18,97,79,8.81
71,Lai,TD,2022-10-16 21:45:19,9.3952,16.2989,75.2,74,100,3.65
72,Bradford,GB,2022-10-16 21:44:56,53.7939,-1.7521,53.24,86,40,10.36
73,Barrow,US,2022-10-16 21:45:19,71.2906,-156.7887,28.42,80,100,23.02
74,Victoria,HK,2022-10-16 21:45:20,22.2855,114.1577,81.32,46,100,20.0
75,Kieta,PG,2022-10-16 21:45:20,-6.2167,155.6333,82.9,73,84,2.57
76,Kargasok,RU,2022-10-16 21:45:21,59.0556,80.8572,35.37,80,100,3.74
77,Mount Isa,AU,2022-10-16 21:45:22,-20.7333,139.5,76.77,57,82,1.14
78,Svetlyy,RU,2022-10-16 21:45:22,54.675,20.1347,55.45,88,1,11.14
79,Saint George,US,2022-10-16 21:45:22,37.1041,-113.5841,79.95,21,0,5.75
80,Cape Town,ZA,2022-10-16 21:43:11,-33.9258,18.4232,64.27,86,20,9.22
81,Gizo,SB,2022-10-16 21:45:24,-8.103,156.8419,83.55,73,42,8.88
82,Flinders,AU,2022-10-16 21:45:24,-34.5833,150.8552,61.38,83,94,5.01
83,Hobart,AU,2022-10-16 21:44:36,-42.8794,147.3294,50.05,82,75,2.3
84,Svetlogorsk,BY,2022-10-16 21:45:25,52.6333,29.7333,45.1,61,100,12.15
85,Aviles,ES,2022-10-16 21:44:43,43.5547,-5.9248,65.93,91,75,4.61
86,Castro,BR,2022-10-16 21:45:25,-24.7911,-50.0119,60.82,93,91,0.4
87,Esperance,AU,2022-10-16 21:45:26,-33.8667,121.9,58.19,80,100,20.49
88,Grants,US,2022-10-16 21:40:28,35.1473,-107.8514,46.63,81,100,16.11
89,Inirida,CO,2022-10-16 21:45:27,3.8653,-67.9239,75.72,88,97,4.14
90,Providencia,MX,2022-10-16 21:44:17,28.7167,-111.5833,85.21,46,8,9.04
91,Krabi,TH,2022-10-16 21:46:28,8.0726,98.9105,82.06,99,20,2.3
92,Darhan,MN,2022-10-16 21:46:28,49.4867,105.9228,26.37,56,2,7.0
93,Tiksi,RU,2022-10-16 21:46:28,71.6872,128.8694,18.64,88,100,19.86
94,Avarua,CK,2022-10-16 21:46:29,-21.2078,-159.775,80.65,65,75,10.36
95,Alofi,NU,2022-10-16 21:46:29,-19.0595,-169.9187,80.49,74,26,12.66
96,Ancud,CL,2022-10-16 21:46:30,-41.8697,-73.8203,64.22,79,95,4.61
97,Mugla,TR,2022-10-16 21:46:30,37.2303,28.3557,51.15,84,42,6.46
98,East London,ZA,2022-10-16 21:46:31,-33.0153,27.9116,66.22,91,100,13.58
99,Lanigan,CA,2022-10-16 21:46:31,51.8501,-105.0344,39.09,25,85,3.29
100,Roma,US,2022-10-16 21:46:32,43.2128,-75.4557,60.94,51,0,4.61
101,Morondava,MG,2022-10-16 21:46:32,-20.2833,44.2833,76.64,78,49,10.45
102,Tuktoyaktuk,CA,2022-10-16 21:46:32,69.4541,-133.0374,26.6,80,100,21.85
103,Hobyo,SO,2022-10-16 21:42:56,5.3505,48.5268,77.47,89,42,16.8
104,Laguna,US,2022-10-16 21:46:33,38.421,-121.4238,77.14,55,0,10.36
105,Ilulissat,GL,2022-10-16 21:46:33,69.2167,-51.1,37.42,70,75,2.3
106,Vila Velha,BR,2022-10-16 21:46:34,-20.3297,-40.2925,75.15,79,20,6.91
107,Preobrazheniye,RU,2022-10-16 21:46:34,42.9019,133.9064,44.15,71,100,8.84
108,Leningradskiy,RU,2022-10-16 21:46:34,69.3833,178.4167,15.06,91,100,7.7
109,Kodiak,US,2022-10-16 21:46:35,57.79,-152.4072,51.31,76,100,11.5
110,Nuuk,GL,2022-10-16 21:46:35,64.1835,-51.7216,38.01,70,75,2.3
111,Guerrero Negro,MX,2022-10-16 21:46:35,27.9769,-114.0611,73.94,55,6,14.56
112,Kang,BW,2022-10-16 21:46:36,-23.6752,22.7876,73.24,38,100,11.56
113,Along,IN,2022-10-16 21:46:36,28.1667,94.7667,60.62,70,1,1.97
114,Lakhisarai,IN,2022-10-16 21:46:36,25.1768,86.0932,72.03,66,0,4.29
115,Puerto Ayora,EC,2022-10-16 21:46:37,-0.7393,-90.3518,76.96,85,89,8.99
116,Kruisfontein,ZA,2022-10-16 21:46:37,-34.0033,24.7314,68.88,68,99,6.55
117,Tasiilaq,GL,2022-10-16 21:46:38,65.6145,-37.6368,30.36,62,74,7.47
118,Srandakan,ID,2022-10-16 21:46:38,-7.9386,110.2506,77.38,84,100,6.55
119,Narsaq,GL,2022-10-16 21:46:38,60.9167,-46.05,35.82,71,10,6.62
120,Todos Santos,MX,2022-10-16 21:46:39,23.45,-110.2167,85.3,66,0,13.04
121,Calbuco,CL,2022-10-16 21:46:40,-41.768,-73.1273,60.01,87,92,12.3
122,Craig,US,2022-10-16 21:43:00,40.5153,-107.5464,67.39,20,0,3.44
123,Kavieng,PG,2022-10-16 21:46:40,-2.5744,150.7967,83.21,76,100,12.57
124,Neverkino,RU,2022-10-16 21:46:41,52.7854,46.7417,37.35,75,2,3.8
125,Uirauna,BR,2022-10-16 21:45:40,-6.5183,-38.4122,85.68,27,6,4.99
126,Coquimbo,CL,2022-10-16 21:43:17,-29.9533,-71.3436,58.73,77,40,10.36
127,Luderitz,NA,2022-10-16 21:46:41,-26.6481,15.1594,59.94,85,0,8.23
128,Dauphin,CA,2022-10-16 21:45:00,51.1494,-100.0502,37.54,35,0,11.5
129,Charters Towers,AU,2022-10-16 21:46:42,-20.1,146.2667,75.34,69,83,5.97
130,Airai,TL,2022-10-16 21:46:42,-8.9266,125.4092,62.64,67,71,2.28
131,Cannington,AU,2022-10-16 21:46:43,-32.0167,115.95,52.77,94,0,4.61
132,Isangel,VU,2022-10-16 21:46:43,-19.55,169.2667,80.71,78,20,6.91
133,Eyl,SO,2022-10-16 21:46:43,7.9803,49.8164,77.81,85,41,8.25
134,Aginskoye,RU,2022-10-16 21:46:44,51.1,114.53,23.65,72,19,5.97
135,Soyo,AO,2022-10-16 21:47:45,-6.1349,12.3689,76.86,85,93,7.45
136,Khatanga,RU,2022-10-16 21:47:45,71.9667,102.5,15.42,96,100,7.7
137,Geraldton,AU,2022-10-16 21:47:35,-28.7667,114.6,52.21,93,11,4.61
138,Edd,ER,2022-10-16 21:47:46,13.9297,41.6925,87.39,55,0,14.92
139,Haines Junction,CA,2022-10-16 21:47:46,60.7522,-137.5108,57.15,54,100,5.75
140,Homer,US,2022-10-16 21:47:46,59.6425,-151.5483,52.77,78,100,3.0
141,Broome,US,2022-10-16 21:47:47,42.2506,-75.833,60.19,52,0,5.75
142,Sao Joao Da Barra,BR,2022-10-16 21:47:47,-21.6403,-41.0511,75.29,83,84,10.45
143,Madang,PG,2022-10-16 21:47:48,-5.2246,145.7966,80.44,81,100,3.11
144,Georgetown,MY,2022-10-16 21:44:27,5.4112,100.3354,76.98,93,20,2.3
145,North Myrtle Beach,US,2022-10-16 21:47:48,33.816,-78.68,79.12,69,0,9.22
146,Talara,PE,2022-10-16 21:47:49,-4.5772,-81.2719,64.42,83,61,19.55
147,Peniche,PT,2022-10-16 21:47:49,39.3558,-9.3811,67.28,86,98,10.47
148,Salalah,OM,2022-10-16 21:47:50,17.0151,54.0924,77.09,78,20,2.3
149,Mount Gambier,AU,2022-10-16 21:47:50,-37.8333,140.7667,42.71,100,59,0.0
150,Longyearbyen,SJ,2022-10-16 21:47:50,78.2186,15.6401,24.64,68,20,9.22
151,Marzuq,YE,2022-10-16 21:47:51,14.4,46.4667,69.76,64,19,1.36
152,Verkhnyaya Inta,RU,2022-10-16 21:47:51,65.9811,60.3094,38.19,96,100,10.04
153,Pangnirtung,CA,2022-10-16 21:47:51,66.1451,-65.7125,42.66,95,100,7.87
154,Upernavik,GL,2022-10-16 21:47:52,72.7868,-56.1549,35.38,96,100,10.07
155,Jamestown,US,2022-10-16 21:45:31,42.097,-79.2353,60.44,27,75,12.66
156,Matagami,CA,2022-10-16 21:47:52,49.7502,-77.6328,42.91,75,75,4.61
157,Matara,LK,2022-10-16 21:47:53,5.9485,80.5353,75.72,88,99,4.47
158,Wanxian,CN,2022-10-16 21:47:53,30.8039,108.3897,62.44,79,33,2.82
159,Nikolskoye,RU,2022-10-16 21:47:53,59.7035,30.7861,51.69,92,100,12.93
160,Billings,US,2022-10-16 21:46:49,45.7833,-108.5007,66.29,35,40,5.99
161,Algiers,DZ,2022-10-16 21:44:27,36.7525,3.042,69.62,88,100,2.3
162,Palmer,US,2022-10-16 21:47:54,42.1584,-72.3287,63.21,52,40,0.0
163,Mapiripan,CO,2022-10-16 21:47:54,2.8892,-72.1256,78.76,76,98,7.0
164,Lorengau,PG,2022-10-16 21:47:13,-2.0226,147.2712,82.4,77,96,6.71
165,Vestmannaeyjar,IS,2022-10-16 21:47:55,63.4427,-20.2734,40.17,70,15,12.91
166,Biak,ID,2022-10-16 21:47:55,-0.9131,122.8766,76.77,84,72,1.86
167,Clovis,US,2022-10-16 21:47:56,36.8252,-119.7029,82.62,48,20,4.61
168,Santa Cruz,BO,2022-10-16 21:45:04,-17.8,-63.1667,89.65,43,20,5.75
169,Aloleng,PH,2022-10-16 21:47:56,16.1307,119.7824,80.24,81,98,12.82
170,Shetpe,KZ,2022-10-16 21:46:40,44.1667,52.1167,48.31,49,100,7.0
171,Salmas,IR,2022-10-16 21:47:56,38.1973,44.7653,58.95,31,6,3.31
172,Araouane,ML,2022-10-16 21:47:57,18.9048,-3.5265,88.99,8,82,7.72
173,Vila Franca Do Campo,PT,2022-10-16 21:47:57,37.7167,-25.4333,64.2,71,86,8.19
174,Dharchula,IN,2022-10-16 21:47:57,29.85,80.5333,58.53,47,0,6.69
175,Yarada,IN,2022-10-16 21:47:58,17.65,83.2667,79.12,100,40,2.3
176,Palana,RU,2022-10-16 21:47:58,59.1167,159.9667,26.01,90,100,8.1
177,Axim,GH,2022-10-16 21:47:59,4.8699,-2.2405,77.25,87,97,5.5
178,Sinnamary,GF,2022-10-16 21:47:59,5.3833,-52.95,79.88,82,92,9.17
179,Lagoa,PT,2022-10-16 21:47:59,39.05,-27.9833,65.79,64,51,25.05
180,Bria,CF,2022-10-16 21:48:00,6.5423,21.9863,69.28,96,97,0.69
181,Buckeye,US,2022-10-16 21:49:00,33.3703,-112.5838,81.68,49,20,0.0
182,El Retorno,CO,2022-10-16 21:49:00,2.3302,-72.6276,74.26,82,97,4.09
183,Arlit,NE,2022-10-16 21:49:01,18.7369,7.3853,87.3,17,0,11.86
184,Bambous Virieux,MU,2022-10-16 21:49:01,-20.3428,57.7575,71.85,83,40,8.05
185,Thompson,CA,2022-10-16 21:46:00,55.7435,-97.8558,30.36,55,20,9.22
186,Katobu,ID,2022-10-16 21:49:02,-4.9408,122.5276,75.92,94,96,3.29
187,Vardo,NO,2022-10-16 21:49:02,70.3705,31.1107,42.78,87,75,14.97
188,Mayor Pablo Lagerenza,PY,2022-10-16 21:49:03,-19.9309,-60.7718,80.06,61,96,4.09
189,Beringovskiy,RU,2022-10-16 21:49:03,63.05,179.3167,24.76,69,99,15.77
190,Clemson,US,2022-10-16 21:48:33,34.6834,-82.8374,80.22,48,0,5.75
191,Nanortalik,GL,2022-10-16 21:49:04,60.1432,-45.2371,35.37,74,3,10.04
192,Zhanaozen,KZ,2022-10-16 21:49:05,43.3,52.8,55.29,35,100,13.71
193,Ozernovskiy,RU,2022-10-16 21:49:05,51.5,156.5167,45.0,61,100,15.39
194,Kishtwar,IN,2022-10-16 21:46:13,33.3167,75.7667,52.09,62,0,4.52
195,Bom Jesus,BR,2022-10-16 21:49:06,-9.0744,-44.3586,87.39,26,30,5.93
196,Cayenne,GF,2022-10-16 21:49:06,4.9333,-52.3333,82.44,74,0,5.75
197,Perbaungan,ID,2022-10-16 21:49:07,3.5679,98.956,75.31,90,100,2.55
198,Narrabri,AU,2022-10-16 21:46:59,-30.3167,149.7833,60.53,73,0,1.99
199,Camacupa,AO,2022-10-16 21:49:08,-12.0167,17.4833,67.33,59,98,4.68
200,San Rafael,AR,2022-10-16 21:49:08,-34.6177,-68.3301,77.61,20,16,16.46
201,Mmabatho,ZA,2022-10-16 21:49:09,-25.85,25.6333,71.56,49,98,10.36
202,Tabou,CI,2022-10-16 21:49:10,4.423,-7.3528,76.17,84,85,4.97
203,Henties Bay,NA,2022-10-16 21:49:10,-22.116,14.2845,59.61,86,30,6.64
204,Acajutla,SV,2022-10-16 21:49:11,13.5928,-89.8275,82.24,82,95,7.52
205,Kaduqli,SD,2022-10-16 21:49:11,11.0167,29.7167,79.45,51,94,4.83
206,Oxford,GB,2022-10-16 21:46:55,51.7522,-1.256,61.05,97,75,14.97
207,Bethel,US,2022-10-16 21:49:12,41.3712,-73.414,64.49,64,0,6.91
208,Barra Bonita,BR,2022-10-16 21:49:12,-22.4947,-48.5581,72.45,75,95,5.79
209,Letka,RU,2022-10-16 21:49:13,59.6011,49.4232,41.02,95,100,6.33
210,Bay City,US,2022-10-16 21:49:13,43.5945,-83.8889,53.71,70,100,4.61
211,Deputatskiy,RU,2022-10-16 21:49:14,69.3,139.9,13.08,94,100,4.83
212,Vanimo,PG,2022-10-16 21:49:14,-2.6741,141.3028,77.9,91,100,3.74
213,Puerto Del Rosario,ES,2022-10-16 21:46:37,28.5004,-13.8627,73.15,83,20,10.36
214,Tabuk,PH,2022-10-16 21:49:15,17.4189,121.4443,70.79,80,100,3.18
215,Larsnes,NO,2022-10-16 21:49:16,62.2028,5.5773,51.44,91,100,15.57
216,Kulhudhuffushi,MV,2022-10-16 21:49:16,6.6221,73.07,80.31,82,100,20.47
217,Caravelas,BR,2022-10-16 21:49:17,-17.7125,-39.2481,73.35,78,5,6.98
218,Chuy,UY,2022-10-16 21:47:23,-33.6971,-53.4616,58.41,93,100,19.13
219,Huntsville,US,2022-10-16 21:49:17,34.7304,-86.5861,75.81,64,75,5.75
220,Bilibino,RU,2022-10-16 21:49:18,68.0546,166.4372,-9.63,99,85,2.75
221,Adrar,MR,2022-10-16 21:49:18,20.5022,-10.0711,91.49,22,50,6.89
222,Bida,NG,2022-10-16 21:49:19,9.0833,6.0167,77.29,69,11,2.71
223,Podor,MR,2022-10-16 21:49:19,16.6527,-14.9587,89.55,55,0,2.3
224,Labuhan,ID,2022-10-16 21:49:19,-6.8844,112.2051,78.49,81,99,13.04
225,Bengkulu,ID,2022-10-16 21:49:20,-3.8004,102.2655,75.16,89,100,2.93
226,Liverpool,GB,2022-10-16 21:46:00,53.4106,-2.9779,56.28,87,75,14.97
227,Kabompo,ZM,2022-10-16 21:49:20,-13.5927,24.2008,66.24,29,56,4.5
228,Strezhevoy,RU,2022-10-16 21:49:21,60.7333,77.5889,41.04,91,100,2.48
229,Vitim,RU,2022-10-16 21:50:21,59.4511,112.5578,28.85,87,100,6.98
230,Teeli,RU,2022-10-16 21:50:22,51.0333,90.2333,30.81,48,89,1.03
231,Samarai,PG,2022-10-16 21:50:22,-10.6167,150.6667,81.45,80,51,11.32
232,Juneau,US,2022-10-16 21:49:42,58.3019,-134.4197,61.11,92,75,17.27
233,Souillac,MU,2022-10-16 21:50:23,-20.5167,57.5167,71.98,83,40,8.05
234,Dikson,RU,2022-10-16 21:50:23,73.5069,80.5464,28.15,94,100,8.32
235,Vao,NC,2022-10-16 21:50:24,-22.6667,167.4833,71.01,68,15,7.25
236,Abu Samrah,SY,2022-10-16 21:50:24,35.3029,37.1841,69.82,53,8,1.54
237,Almunecar,ES,2022-10-16 21:50:24,36.7339,-3.6907,81.68,61,83,5.86
238,Solnechnyy,RU,2022-10-16 21:50:25,50.7214,136.6319,32.29,92,76,4.07
239,Nanakuli,US,2022-10-16 21:50:25,21.3906,-158.1547,87.75,51,100,11.5
240,Minsk,BY,2022-10-16 21:47:58,53.9,27.5667,51.55,69,100,14.0
241,Eyrarbakki,IS,2022-10-16 21:50:26,63.863,-21.1481,37.45,75,8,14.58
242,Mayo,US,2022-10-16 21:50:26,38.8876,-76.5119,67.3,67,0,5.75
243,Kholodnyy,RU,2022-10-16 21:50:27,62.7167,147.95,-6.68,99,84,1.01
244,Tulun,RU,2022-10-16 21:50:27,54.5611,100.5792,26.51,79,42,4.9
245,Pointe-Noire,CG,2022-10-16 21:50:28,-4.7761,11.8635,76.59,89,87,3.56
246,Den Helder,NL,2022-10-16 21:50:28,52.9599,4.7593,56.98,83,100,9.22
247,Tolbazy,RU,2022-10-16 21:50:29,54.0241,55.8825,38.75,80,45,5.41
248,Ulety,RU,2022-10-16 21:50:29,51.3572,112.4849,21.97,77,17,3.62
249,Necochea,AR,2022-10-16 21:50:29,-38.5473,-58.7368,55.74,63,66,12.48
250,Buin,CL,2022-10-16 21:48:47,-33.7333,-70.75,80.92,43,42,6.22
251,Mosquera,CO,2022-10-16 21:48:42,4.7059,-74.2302,57.29,88,75,11.5
252,Hambantota,LK,2022-10-16 21:50:30,6.1241,81.1185,75.54,100,40,4.61
253,Sinjai,ID,2022-10-16 21:50:31,-5.1241,120.253,76.69,87,100,2.71
254,Mudgee,AU,2022-10-16 21:50:31,-32.5943,149.5871,59.05,72,100,10.36
255,Trairi,BR,2022-10-16 21:50:31,-3.2778,-39.2689,78.98,79,2,14.0
256,Saint-Augustin,CA,2022-10-16 21:50:32,51.226,-58.6502,52.05,73,100,8.99
257,San Patricio,US,2022-10-16 21:50:32,28.017,-97.5169,92.17,50,55,12.24
258,San Policarpo,PH,2022-10-16 21:50:33,12.1791,125.5072,78.73,87,100,5.41
259,Virginia Beach,US,2022-10-16 21:49:05,36.8529,-75.978,76.01,69,100,5.75
260,Ongandjera,NA,2022-10-16 21:50:33,-17.8833,15.0667,71.06,54,74,6.69
261,Yerbogachen,RU,2022-10-16 21:50:34,61.2767,108.0108,25.57,91,28,5.19
262,Carnarvon,AU,2022-10-16 21:50:34,-24.8667,113.6333,63.57,64,24,18.39
263,Wanning,CN,2022-10-16 21:50:34,18.8003,110.3967,74.34,61,100,10.2
264,Yumen,CN,2022-10-16 21:50:35,40.2833,97.2,39.43,32,24,4.25
265,New Norfolk,AU,2022-10-16 21:50:35,-42.7826,147.0587,50.92,64,95,1.01
266,Remontnoye,RU,2022-10-16 21:50:35,46.5614,43.6501,46.6,49,99,13.15
267,Shimoda,JP,2022-10-16 21:50:36,34.6667,138.95,67.1,88,100,3.6
268,Cabedelo,BR,2022-10-16 21:48:06,-6.9811,-34.8339,77.67,81,23,13.0
269,Fairbanks,US,2022-10-16 21:50:12,64.8378,-147.7164,39.16,76,40,5.75
270,Shchors,UA,2022-10-16 21:50:36,51.8186,31.945,40.23,69,99,7.16
271,Bathsheba,BB,2022-10-16 21:50:37,13.2167,-59.5167,84.81,70,20,12.66
272,Awjilah,LY,2022-10-16 21:50:37,29.1081,21.2869,72.77,47,33,11.41
273,Boca Do Acre,BR,2022-10-16 21:50:37,-8.7522,-67.3978,79.83,79,81,1.99
274,Xingyi,CN,2022-10-16 21:50:38,24.1877,102.817,53.53,88,100,4.25
275,San Andres,CO,2022-10-16 21:50:38,12.5847,-81.7006,87.82,66,40,11.5
276,Bilma,NE,2022-10-16 21:50:39,18.6853,12.9164,80.85,19,0,1.72
277,Olafsvik,IS,2022-10-16 21:51:39,64.8945,-23.7142,36.9,77,49,16.26
278,Ondjiva,AO,2022-10-16 21:51:39,-17.0667,15.7333,69.12,66,100,1.39
279,Dagda,LV,2022-10-16 21:51:40,56.0951,27.5372,52.48,86,100,11.74
280,Saint-Philippe,RE,2022-10-16 21:51:40,-21.3585,55.7679,69.39,83,19,6.33
281,Gwadar,PK,2022-10-16 21:51:40,25.1216,62.3254,78.42,63,0,4.0
282,Sorong,ID,2022-10-16 21:51:41,-0.8833,131.25,78.46,85,100,5.37
283,Pokhara,NP,2022-10-16 21:51:41,28.2333,83.9833,62.31,44,0,6.76
284,Port Elizabeth,ZA,2022-10-16 21:51:41,-33.918,25.5701,71.1,93,0,6.91
285,Namibe,AO,2022-10-16 21:51:42,-15.1961,12.1522,68.52,85,80,4.32
286,Sassandra,CI,2022-10-16 21:51:42,4.95,-6.0833,75.36,89,92,4.45
287,Yerofey Pavlovich,RU,2022-10-16 21:51:42,53.9667,121.9667,24.46,68,25,3.78
288,Iqaluit,CA,2022-10-16 21:51:43,63.7506,-68.5145,37.13,100,100,23.02
289,Arraial Do Cabo,BR,2022-10-16 21:51:43,-22.9661,-42.0278,73.36,73,0,13.8
290,Sarab,IR,2022-10-16 21:51:44,38.6066,44.9883,62.17,48,34,2.55
291,Lavrentiya,RU,2022-10-16 21:51:44,65.5833,-171.0,31.5,76,100,25.14
292,Pacific Grove,US,2022-10-16 21:51:44,36.6177,-121.9166,68.41,70,100,5.75
293,Dunedin,NZ,2022-10-16 21:51:45,-45.8742,170.5036,54.81,61,93,4.0
294,Evensk,RU,2022-10-16 21:51:45,61.95,159.2333,16.45,74,67,6.55
295,Hualmay,PE,2022-10-16 21:51:46,-11.0964,-77.6139,64.98,75,37,12.01
296,Balabac,PH,2022-10-16 21:51:46,7.9868,117.0645,79.47,87,100,16.87
297,Kahului,US,2022-10-16 21:51:46,20.8947,-156.47,89.62,59,20,21.85
298,Malindi,KE,2022-10-16 21:51:47,-3.2175,40.1191,75.58,87,99,10.45
299,Phan Thiet,VN,2022-10-16 21:51:47,10.9333,108.1,76.24,88,97,2.26
300,Sao Filipe,CV,2022-10-16 21:51:48,14.8961,-24.4956,77.23,75,42,10.69
301,Pryazha,RU,2022-10-16 21:51:48,61.6926,33.6216,49.24,93,100,12.5
302,Jiuquan,CN,2022-10-16 21:51:48,39.7432,98.5174,40.21,30,67,3.51
303,Guamal,CO,2022-10-16 21:51:49,9.1433,-74.2238,80.17,91,97,4.07
304,Warrnambool,AU,2022-10-16 21:51:49,-38.3833,142.4833,48.16,78,76,4.29
305,Ahipara,NZ,2022-10-16 21:51:50,-35.1667,173.1667,63.46,75,88,7.65
306,Griffith,US,2022-10-16 21:51:50,41.5284,-87.4237,55.09,51,100,12.66
307,Kerouane,GN,2022-10-16 21:51:50,9.2667,-9.0167,69.55,96,100,2.82
308,Gushikawa,JP,2022-10-16 21:51:51,26.3544,127.8686,80.6,77,20,9.22
309,Sola,VU,2022-10-16 21:51:51,-13.8833,167.55,83.07,74,75,9.22
310,Katsuura,JP,2022-10-16 21:51:51,35.1333,140.3,68.02,90,100,7.16
311,Clyde River,CA,2022-10-16 21:47:48,70.4692,-68.5914,34.03,86,100,6.91
312,Mackay,AU,2022-10-16 21:51:52,-21.15,149.2,77.68,75,78,4.79
313,Naryan-Mar,RU,2022-10-16 21:51:52,67.6713,53.087,37.81,96,84,9.46
314,Hit,IQ,2022-10-16 21:51:52,33.6416,42.8251,80.67,16,84,8.43
315,Lasa,IT,2022-10-16 21:51:53,46.6166,10.7002,58.08,92,35,1.92
316,Iisalmi,FI,2022-10-16 21:51:53,63.5592,27.1907,46.74,97,100,4.07
317,Rawson,AR,2022-10-16 21:51:54,-43.3002,-65.1023,49.71,80,47,13.58
318,College,US,2022-10-16 21:48:18,64.8569,-147.8028,39.15,76,40,5.75
319,Zaterechnyy,RU,2022-10-16 21:51:54,44.7931,45.2097,53.8,66,100,15.05
320,Xining,CN,2022-10-16 21:51:55,36.6167,101.7667,37.54,56,5,2.01
321,Provideniya,RU,2022-10-16 21:51:55,64.3833,-173.3,30.36,74,100,20.13
322,Visby,SE,2022-10-16 21:51:56,57.6409,18.296,53.82,87,0,21.85
323,Komsomolskiy,UZ,2022-10-16 21:52:56,40.4272,71.7189,59.72,33,93,6.91
324,Tuatapere,NZ,2022-10-16 21:52:56,-46.1333,167.6833,53.85,53,70,2.57
325,Burnie,AU,2022-10-16 21:52:57,-41.0667,145.9167,55.94,61,76,8.1
326,Denpasar,ID,2022-10-16 21:52:57,-8.65,115.2167,80.26,94,40,12.66
327,Tezu,IN,2022-10-16 21:52:57,27.9167,96.1667,67.73,47,0,4.81
328,Fortuna,US,2022-10-16 21:52:58,40.5982,-124.1573,69.91,64,20,11.5
329,Sinazongwe,ZM,2022-10-16 21:52:58,-17.2614,27.4618,78.04,42,7,3.49
330,Ajdabiya,LY,2022-10-16 21:52:58,30.7554,20.2263,70.83,55,82,12.35
331,Port Macquarie,AU,2022-10-16 21:52:59,-31.4333,152.9167,64.89,85,62,8.46
332,Pontian Kecil,MY,2022-10-16 21:52:59,1.4801,103.3899,77.32,88,100,8.5
333,Rossano,IT,2022-10-16 21:52:59,39.5751,16.6349,62.96,58,78,2.98
334,Zyryanka,RU,2022-10-16 21:53:00,65.75,150.85,-0.26,97,53,8.77
335,Perivolion,GR,2022-10-16 21:53:00,39.4206,20.0147,64.58,60,6,3.69
336,Tautira,PF,2022-10-16 21:53:00,-17.7333,-149.15,77.07,75,5,13.4
337,Anchorage,US,2022-10-16 21:49:21,61.2181,-149.9003,48.87,89,75,13.8
338,Skjervoy,NO,2022-10-16 21:53:01,70.0311,20.9714,37.4,71,98,5.73
339,Ustyuzhna,RU,2022-10-16 21:53:01,58.8394,36.4321,46.98,77,100,13.8
340,Ekibastuz,KZ,2022-10-16 21:53:02,51.6667,75.3667,48.04,58,99,14.41
341,Mudanjiang,CN,2022-10-16 21:53:02,44.5833,129.6,33.89,72,5,6.11
342,Lata,PT,2022-10-16 21:53:03,40.1629,-8.3327,65.8,74,100,3.31
343,Gisborne,NZ,2022-10-16 21:53:03,-38.6533,178.0042,64.0,55,16,2.93
344,Mao,ES,2022-10-16 21:53:03,39.8885,4.2658,70.36,94,40,5.75
345,Torbat-E Jam,IR,2022-10-16 21:53:04,35.244,60.6225,65.43,20,0,8.08
346,Pitimbu,BR,2022-10-16 21:53:04,-7.4706,-34.8086,77.59,82,27,10.89
347,Fayaoue,NC,2022-10-16 21:53:05,-20.65,166.5333,74.41,70,85,11.36
348,Naze,JP,2022-10-16 21:53:05,28.3667,129.4833,74.32,85,98,4.68
349,Novo Aripuana,BR,2022-10-16 21:53:05,-5.1206,-60.3797,78.94,79,100,1.45
350,Oranzherei,RU,2022-10-16 21:53:06,45.8476,47.5663,50.29,50,100,9.8
351,Diego De Almagro,CL,2022-10-16 21:53:06,-26.3667,-70.05,68.54,24,0,8.61
352,Macusani,PE,2022-10-16 21:53:07,-14.0833,-70.4333,41.11,76,75,8.95
353,Waingapu,ID,2022-10-16 21:53:07,-9.6567,120.2641,81.12,78,100,5.86
354,Eucaliptus,BO,2022-10-16 21:53:07,-17.5833,-67.5167,45.54,77,93,12.15
355,Kedrovyy,RU,2022-10-16 21:53:08,56.1667,91.8167,21.61,66,98,4.0
356,Blagoyevo,RU,2022-10-16 21:53:08,63.3667,47.9167,40.6,97,72,6.6
357,Yinchuan,CN,2022-10-16 21:53:09,38.4681,106.2731,44.06,28,1,7.58
358,Plouzane,FR,2022-10-16 21:53:09,48.3833,-4.6167,61.12,91,0,13.8
359,Gorontalo,ID,2022-10-16 21:51:53,0.5412,123.0595,75.69,94,39,2.37
360,Xinzhi,CN,2022-10-16 21:53:10,36.4989,111.7047,53.06,30,0,6.33
361,Rafai,CF,2022-10-16 21:53:10,4.95,23.9167,66.31,99,84,1.66
362,Estelle,US,2022-10-16 21:53:10,29.8458,-90.1067,84.99,73,75,10.36
363,Ust-Ilimsk,RU,2022-10-16 21:53:11,58.0006,102.6619,26.01,82,43,3.31
364,Liling,CN,2022-10-16 21:53:11,27.6667,113.5,60.08,59,48,3.4
365,Omsukchan,RU,2022-10-16 21:53:12,62.5333,155.8,-6.32,99,31,2.04
366,Sedona,US,2022-10-16 21:51:38,34.8697,-111.761,67.68,48,88,0.0
367,Kozelsk,RU,2022-10-16 21:53:12,54.0375,35.7716,39.33,79,63,8.7
368,Luganville,VU,2022-10-16 21:54:13,-15.5333,167.1667,80.69,79,62,9.08
369,Zelenogorskiy,RU,2022-10-16 21:54:13,55.0333,87.0,41.7,62,100,3.53
370,Chernyshevskiy,RU,2022-10-16 21:54:14,63.0128,112.4714,26.19,95,84,7.4
371,Morrinhos,BR,2022-10-16 21:51:04,-17.7311,-49.0994,80.02,30,27,4.72
372,Shingu,JP,2022-10-16 21:54:15,33.7333,135.9833,68.07,93,100,3.96
373,Yuxia,CN,2022-10-16 21:54:15,34.0615,108.6291,47.01,42,62,3.74
374,Manali,IN,2022-10-16 21:54:16,13.1667,80.2667,80.69,82,97,6.58
375,Pereslavl-Zalesskiy,RU,2022-10-16 21:54:16,56.7393,38.8563,43.11,76,80,12.53
376,Asau,RO,2022-10-16 21:54:17,46.4333,26.4,36.52,76,5,2.89
377,Husavik,IS,2022-10-16 21:54:17,66.0449,-17.3389,37.29,98,100,6.73
378,Hot Springs,US,2022-10-16 21:52:19,34.5037,-93.0552,78.51,58,0,7.0
379,Nueva Gerona,CU,2022-10-16 21:54:18,21.8833,-82.8,84.33,64,12,5.93
380,Satao,PT,2022-10-16 21:54:19,40.7418,-7.7329,57.92,87,100,3.36
381,Mahanoro,MG,2022-10-16 21:54:19,-19.9,48.8,65.17,90,3,4.59
382,Acapulco,MX,2022-10-16 21:50:33,16.8634,-99.8901,87.62,70,75,9.22
383,Dalvik,IS,2022-10-16 21:54:20,65.9702,-18.5286,35.53,98,100,3.8
384,Kharagpur,IN,2022-10-16 21:54:20,22.3333,87.3333,74.95,77,4,4.68
385,Port Lincoln,AU,2022-10-16 21:54:21,-34.7333,135.8667,58.42,77,70,17.49
386,La Asuncion,VE,2022-10-16 21:54:22,11.0333,-63.8628,81.5,76,3,8.25
387,Canyon Lake,US,2022-10-16 21:54:22,29.8752,-98.2625,93.0,48,96,8.01
388,Lebu,CL,2022-10-16 21:54:23,-37.6167,-73.65,53.06,87,73,14.43
389,Constitucion,CL,2022-10-16 21:54:23,-35.3333,-72.4167,56.48,77,48,16.4
390,Hirara,JP,2022-10-16 21:54:24,24.8,125.2833,80.87,94,75,6.91
391,Celestun,MX,2022-10-16 21:54:24,20.8667,-90.4,83.68,76,38,14.18
392,Mocuba,MZ,2022-10-16 21:54:24,-16.8392,36.9856,69.01,91,1,2.86
393,Sangar,RU,2022-10-16 21:54:25,63.9242,127.4739,21.96,95,100,1.95
394,San Cristobal,VE,2022-10-16 21:54:25,7.7669,-72.225,80.78,83,54,3.69
395,Dhidhdhoo,MV,2022-10-16 21:54:26,6.8833,73.1,80.1,82,100,19.22
396,Cranbrook,CA,2022-10-16 21:54:27,49.4999,-115.7688,60.64,39,20,3.44
397,Dajal,PK,2022-10-16 21:54:27,29.5577,70.3762,77.92,16,0,5.3
398,Togur,RU,2022-10-16 21:54:28,58.3631,82.8265,35.06,91,100,3.71
399,Fort-De-France,MQ,2022-10-16 21:54:28,14.6089,-61.0733,82.35,78,20,10.36
400,Muros,ES,2022-10-16 21:54:29,42.7762,-9.0603,60.1,91,100,13.38
401,Chivilcoy,AR,2022-10-16 21:54:29,-34.8957,-60.0167,68.16,38,49,15.26
402,Cape Coast,GH,2022-10-16 21:54:29,5.1053,-1.2466,77.61,88,96,8.9
403,Beyneu,KZ,2022-10-16 21:54:30,45.3167,55.2,49.69,46,61,6.24
404,Saint-Jerome,CA,2022-10-16 21:54:31,45.7804,-74.0036,56.43,65,75,0.0
405,Iguape,BR,2022-10-16 21:53:29,-24.7081,-47.5553,69.01,94,55,3.87
406,Zaltan,LY,2022-10-16 21:54:31,32.947,11.8665,73.26,66,87,9.86
407,Asfi,MA,2022-10-16 21:54:32,32.2994,-9.2372,71.22,73,0,2.71
408,Muisne,EC,2022-10-16 21:54:32,0.6,-80.0333,75.16,80,87,9.55
409,Frontino,CO,2022-10-16 21:54:33,6.7801,-76.1288,67.51,95,94,2.75
410,Tessalit,ML,2022-10-16 21:54:33,20.1986,1.0114,84.58,13,63,12.19
411,Nalut,LY,2022-10-16 21:54:33,30.3333,10.85,71.6,41,23,11.03
412,Kasane,BW,2022-10-16 21:54:34,-17.8167,25.15,73.36,29,81,5.32
413,Athens,GR,2022-10-16 21:54:34,37.9795,23.7162,64.17,67,20,5.75
414,Dongning,CN,2022-10-16 21:54:34,44.0622,131.1207,38.64,59,3,14.18
415,Arman,RU,2022-10-16 21:54:35,59.7,150.1667,19.49,63,88,9.42
416,Talnakh,RU,2022-10-16 21:55:35,69.4865,88.3972,29.21,94,100,8.1
417,Sabang,ID,2022-10-16 21:55:36,5.8933,95.3214,80.87,76,100,19.84
418,Nyrob,RU,2022-10-16 21:55:36,60.733,56.7202,40.84,97,100,3.11
419,Makuyuni,TZ,2022-10-16 21:55:37,-4.7333,38.1,68.31,89,22,1.5
420,Beidao,CN,2022-10-16 21:55:37,34.5686,105.8933,49.84,51,83,1.95
421,Bonavista,CA,2022-10-16 21:55:37,48.6499,-53.1147,52.14,82,100,13.58
422,Gigmoto,PH,2022-10-16 21:55:38,13.7796,124.39,80.4,87,100,7.67
423,Vagur,FO,2022-10-16 21:55:38,61.4732,-6.8119,48.22,85,73,21.54
424,Daru,PG,2022-10-16 21:55:39,-9.0763,143.2092,81.43,85,91,14.09
425,Saquena,PE,2022-10-16 21:55:39,-4.6667,-73.5167,75.94,92,97,2.57
426,Bandiagara,ML,2022-10-16 21:55:39,14.3501,-3.6104,86.4,42,97,9.51
427,Goma,CD,2022-10-16 21:55:40,-1.6792,29.2228,62.38,89,97,3.24
428,Ust-Nera,RU,2022-10-16 21:55:40,64.5667,143.2,0.0,99,85,2.95
429,Warragul,AU,2022-10-16 21:55:41,-38.1667,145.9333,53.44,58,46,0.92
430,Luba,GQ,2022-10-16 21:55:41,3.4568,8.5547,78.69,87,98,1.95
431,Ranong,TH,2022-10-16 21:55:42,9.9658,98.6348,75.38,98,100,4.9
432,Raduzhnyy,RU,2022-10-16 21:55:42,62.0961,77.475,38.55,97,100,1.74
433,Khor,RU,2022-10-16 21:55:42,47.8861,134.9464,36.45,67,54,6.31
434,Dedza,MW,2022-10-16 21:55:43,-14.3779,34.3332,64.78,32,1,6.93
435,Yar-Sale,RU,2022-10-16 21:55:43,66.8333,70.8333,38.16,91,100,3.15
436,Ostrovnoy,RU,2022-10-16 21:55:43,68.0531,39.5131,47.37,90,100,22.1
437,Taldan,RU,2022-10-16 21:55:44,53.6667,124.8,25.95,57,20,10.22
438,Udachnyy,RU,2022-10-16 21:55:44,66.4167,112.4,18.3,97,100,4.18
439,Manoleasa,RO,2022-10-16 21:55:44,47.9833,27.0667,41.07,49,8,6.46
440,Black Forest,US,2022-10-16 21:55:45,39.0131,-104.7008,50.97,59,75,5.99
441,Khorramabad,IR,2022-10-16 21:55:45,33.4878,48.3558,58.62,26,0,6.91
442,Damavand,IR,2022-10-16 21:55:46,35.7178,52.065,56.43,26,89,2.68
443,Hofn,IS,2022-10-16 21:55:46,64.2539,-15.2082,42.49,80,6,19.46
444,Melilla,ES,2022-10-16 21:55:47,35.2937,-2.9383,73.78,78,0,18.41
445,Morehead,US,2022-10-16 21:55:47,37.2711,-87.1764,67.98,68,75,3.44
446,Saint Augustine,US,2022-10-16 21:51:44,29.8947,-81.3145,83.05,68,0,8.05
447,Tuscaloosa,US,2022-10-16 21:51:10,33.2098,-87.5692,80.38,55,0,4.61
448,Faya,SA,2022-10-16 21:55:48,18.3851,42.4509,62.71,35,5,5.5
449,Panzhihua,CN,2022-10-16 21:55:48,26.5851,101.7128,60.08,85,100,1.95
450,Sorland,NO,2022-10-16 21:55:48,67.667,12.6934,46.26,77,58,11.43
451,Cagsiay,PH,2022-10-16 21:55:49,14.2167,121.75,78.62,84,100,5.06
452,Ostrovskoye,RU,2022-10-16 21:55:49,57.8057,42.2433,40.91,83,28,9.53
453,Sampit,ID,2022-10-16 21:55:50,-2.5333,112.95,75.0,98,100,1.23
454,Gerede,TR,2022-10-16 21:55:50,40.8008,32.1969,45.5,98,100,2.71
455,Bon Accord,CA,2022-10-16 21:55:50,53.8335,-113.4187,67.78,51,55,8.43
456,Antalaha,MG,2022-10-16 21:55:51,-14.9003,50.2788,65.91,84,0,5.64
457,General Pico,AR,2022-10-16 21:51:17,-35.6566,-63.7568,73.08,19,94,11.05
458,Maragogi,BR,2022-10-16 21:55:51,-9.0122,-35.2225,74.35,84,29,8.21
459,Kyzyl,RU,2022-10-16 21:56:51,51.7,94.45,29.26,37,23,1.81
460,Bagdarin,RU,2022-10-16 21:56:52,54.4333,113.6,20.03,73,19,3.29
461,Longford,IE,2022-10-16 21:56:52,53.7333,-7.8,50.49,89,99,13.11
462,Derendingen,CH,2022-10-16 21:56:53,47.1985,7.5884,61.11,92,25,1.99
463,Sistranda,NO,2022-10-16 21:56:53,63.7256,8.834,40.96,78,99,13.67
464,Auki,SB,2022-10-16 21:56:53,-8.7676,160.7034,83.35,69,84,5.41
465,Alausi,EC,2022-10-16 21:56:54,-2.2,-78.8333,53.11,85,96,0.63
466,Port Hardy,CA,2022-10-16 21:56:54,50.6996,-127.4199,71.78,43,0,13.8
467,Aswan,EG,2022-10-16 21:56:54,24.0934,32.907,83.5,32,0,9.22
468,Anshun,CN,2022-10-16 21:56:55,26.25,105.9333,53.85,61,47,9.86
469,Odweyne,SO,2022-10-16 21:56:55,9.4092,45.064,73.33,60,20,7.56
470,Honningsvag,NO,2022-10-16 21:56:55,70.9821,25.9704,44.35,87,75,3.44
471,Namatanai,PG,2022-10-16 21:56:56,-3.6667,152.4333,82.63,73,83,6.51
472,Moindou,NC,2022-10-16 21:56:56,-21.6924,165.677,76.86,53,1,3.09
473,La Seyne-Sur-Mer,FR,2022-10-16 21:56:56,43.0982,5.8847,69.89,83,4,4.0
474,Candido Mendes,BR,2022-10-16 21:56:57,-1.4467,-45.7167,78.58,80,32,5.14
475,Sao Jose Da Coroa Grande,BR,2022-10-16 21:56:57,-8.8978,-35.1478,74.8,83,21,8.37
476,Krasnoselkup,RU,2022-10-16 21:56:58,65.7,82.4667,31.73,99,100,5.46
477,Talakan,RU,2022-10-16 21:56:58,50.3167,130.3667,33.08,95,97,6.26
478,Atherton,GB,2022-10-16 21:56:58,53.5237,-2.4935,56.28,84,71,8.01
479,Palomares,MX,2022-10-16 21:56:59,17.15,-95.0667,82.44,84,100,5.82
480,Port Keats,AU,2022-10-16 21:56:59,-14.25,129.55,84.52,70,41,5.06
481,Talaya,RU,2022-10-16 21:57:00,61.3833,152.75,-8.61,100,96,1.63
482,Corinto,GR,2022-10-16 21:57:00,37.9407,22.9573,59.9,70,0,5.3
483,Kemijarvi,FI,2022-10-16 21:57:00,66.7131,27.4306,44.96,88,80,12.06
484,Mantua,IT,2022-10-16 21:57:01,45.1667,10.7833,63.64,87,33,3.0
485,Nelson Bay,AU,2022-10-16 21:57:01,-32.7167,152.15,66.0,86,26,8.99
486,The Valley,AI,2022-10-16 21:57:02,18.217,-63.0578,84.06,78,20,6.91
487,Goure,NE,2022-10-16 21:57:02,13.9835,10.2704,85.08,15,0,8.72
488,Sao Borja,BR,2022-10-16 21:57:02,-28.6606,-56.0044,71.94,63,25,8.05
489,Krasnyy Chikoy,RU,2022-10-16 21:57:03,50.3643,108.7512,20.32,74,16,3.89
490,Bemidji,US,2022-10-16 21:57:04,47.4736,-94.8803,36.05,73,100,20.71
491,Imbituba,BR,2022-10-16 21:57:04,-28.24,-48.6703,66.29,98,88,3.31
492,Hammerfest,NO,2022-10-16 21:57:05,70.6634,23.6821,43.25,93,75,0.0
493,Tamandare,BR,2022-10-16 21:57:05,-8.7597,-35.1047,74.39,84,18,7.27
494,Klaksvik,FO,2022-10-16 21:57:05,62.2266,-6.589,43.72,88,46,22.06
495,Pilar,BR,2022-10-16 21:57:06,-9.5972,-35.9567,76.93,90,17,4.27
496,Te Anau,NZ,2022-10-16 21:57:06,-45.4167,167.7167,51.26,53,52,3.67
497,Rio Grande,BR,2022-10-16 21:57:07,-32.035,-52.0986,68.11,88,47,7.9
498,Ouango,CF,2022-10-16 21:57:07,4.3133,22.5552,68.81,99,100,1.52
499,Roald,NO,2022-10-16 21:57:08,62.5833,6.1333,51.75,81,75,6.91
500,Varkkallai,IN,2022-10-16 21:57:08,8.7341,76.7067,78.58,86,98,5.84
501,Cascais,PT,2022-10-16 21:57:09,38.6979,-9.4215,67.93,82,20,11.99
502,Divnomorskoye,RU,2022-10-16 21:57:09,44.5011,38.1353,56.8,86,100,10.4
503,Boqueirao,BR,2022-10-16 21:57:09,-7.5,-36.1333,78.35,70,38,14.67
504,Tororo,UG,2022-10-16 21:57:10,0.693,34.1809,63.93,87,100,7.25
505,Bone,DE,2022-10-16 21:58:10,51.9669,12.1396,57.25,80,75,3.31
506,Mananjary,MG,2022-10-16 21:58:10,-21.2167,48.3333,66.15,88,0,6.31
507,Bandrele,YT,2022-10-16 21:58:11,-12.9067,45.1914,74.95,88,0,9.22
508,Jinxiang,CN,2022-10-16 21:58:11,27.4327,120.6062,67.62,85,100,14.34
509,Abu Road,IN,2022-10-16 21:58:12,24.4833,72.7833,71.71,42,72,2.82
510,Havoysund,NO,2022-10-16 21:58:12,70.9963,24.6622,44.83,84,100,8.93
511,Bilaspur,IN,2022-10-16 21:58:13,22.0833,82.15,72.41,93,51,2.82
512,Ostersund,SE,2022-10-16 21:58:13,63.1792,14.6357,36.05,100,100,5.99
513,Salinas,US,2022-10-16 21:58:14,36.6777,-121.6555,68.83,60,0,9.22
514,Cockburn Town,TC,2022-10-16 21:57:20,21.4612,-71.1419,84.16,65,40,5.75
515,Yichun,CN,2022-10-16 21:58:14,47.7,128.9,30.04,91,89,4.09
516,Fomboni,KM,2022-10-16 21:58:14,-12.28,43.7425,76.19,75,0,5.93
517,Kamenka,RU,2022-10-16 21:58:15,51.3223,42.7678,38.41,71,7,0.83
518,Saint-Pierre,RE,2022-10-16 21:53:20,-21.3393,55.4781,69.48,60,100,6.91
519,Pisco,PE,2022-10-16 21:58:16,-13.7,-76.2167,66.25,68,0,21.85
520,Sindor,RU,2022-10-16 21:58:16,62.8629,51.8905,41.11,96,100,5.41
521,Tapes,BR,2022-10-16 21:58:16,-30.6733,-51.3958,63.95,91,59,6.91
522,Taltal,CL,2022-10-16 21:58:17,-25.4,-70.4833,61.93,67,23,3.13
523,Kasongo-Lunda,CD,2022-10-16 21:58:18,-6.4667,16.8167,67.59,98,100,1.86
524,Manuk Mangkaw,PH,2022-10-16 21:58:18,4.8,119.85,82.62,72,93,3.53
525,Borodino,RU,2022-10-16 21:58:18,55.9106,94.8983,31.86,73,71,4.43
526,Bikaner,IN,2022-10-16 21:56:58,28.0167,73.3,77.05,24,0,8.68
527,Half Moon Bay,US,2022-10-16 21:58:19,37.4636,-122.4286,73.8,71,100,4.61
528,Black River,JM,2022-10-16 21:58:19,18.0264,-77.8487,82.71,71,30,2.15
529,Okhotsk,RU,2022-10-16 21:58:20,59.3833,143.3,23.86,62,2,14.18
530,Kasempa,ZM,2022-10-16 21:58:20,-13.4584,25.8338,68.67,29,35,4.88
531,Chelno-Vershiny,RU,2022-10-16 21:58:20,54.4333,51.1,37.62,90,44,4.29
532,Los Llanos De Aridane,ES,2022-10-16 21:58:21,28.6585,-17.9182,65.95,83,0,5.99
533,Benito Soliven,PH,2022-10-16 21:58:21,16.9816,121.9599,71.31,89,100,3.18
534,Zhangjiakou,CN,2022-10-16 21:58:22,40.81,114.8794,34.5,28,0,10.38
535,Eureka,US,2022-10-16 21:58:22,40.8021,-124.1637,70.18,71,3,3.0
536,Ruswil,CH,2022-10-16 21:58:22,47.0843,8.1265,55.26,92,24,3.44
537,Albury,AU,2022-10-16 21:58:23,-36.0833,146.9167,57.02,100,2,4.0
538,Arak,IR,2022-10-16 21:58:23,34.0917,49.6892,59.23,24,11,1.5
539,Carutapera,BR,2022-10-16 21:58:24,-1.195,-46.02,79.47,77,44,7.92
540,Nuevo Progreso,MX,2022-10-16 21:58:24,23.1667,-97.95,88.54,60,34,4.0
541,Ulaangom,MN,2022-10-16 21:58:25,49.9811,92.0667,28.89,56,67,1.9
542,Patiya,BD,2022-10-16 21:58:25,22.2931,91.9762,73.45,91,98,2.26
543,Tabas,IR,2022-10-16 21:58:26,33.5959,56.9244,74.28,12,2,5.46
544,Xiamen,CN,2022-10-16 21:58:26,24.4798,118.0819,78.85,69,75,17.9
545,Kavaratti,IN,2022-10-16 21:58:27,10.5669,72.642,80.73,76,100,3.44
546,Rio Gallegos,AR,2022-10-16 21:58:27,-51.6226,-69.2181,69.85,23,20,17.27
547,Palmas Bellas,PA,2022-10-16 21:58:28,9.2319,-80.0867,81.25,84,91,6.93
548,Sterlibashevo,RU,2022-10-16 21:58:28,53.4376,55.2578,38.3,80,66,5.1
549,Port Blair,IN,2022-10-16 21:58:29,11.6667,92.75,78.89,82,100,3.31
550,Manyana,BW,2022-10-16 21:58:29,-23.4,21.7167,68.76,49,100,8.46
551,Bossangoa,CF,2022-10-16 21:59:29,6.4926,17.4552,70.83,94,89,1.97
552,Aksarka,RU,2022-10-16 21:59:30,66.5606,67.7975,35.02,91,90,5.53
553,Waipawa,NZ,2022-10-16 21:59:30,-41.4122,175.5153,56.71,71,73,1.97
554,Yulara,AU,2022-10-16 21:59:31,-25.2406,130.9889,73.44,48,6,6.78
555,Mtambile,TZ,2022-10-16 21:59:31,-5.3833,39.7,74.79,85,27,9.17
556,Maceio,BR,2022-10-16 21:58:12,-9.6658,-35.7353,78.24,78,20,8.05
557,Venado Tuerto,AR,2022-10-16 21:59:31,-33.7456,-61.9688,69.76,30,0,10.09
558,Huilong,CN,2022-10-16 21:59:32,31.8111,121.655,65.93,78,38,21.7
559,Trabzon,TR,2022-10-16 21:59:32,40.9167,39.8333,60.89,82,75,5.75
560,Newport,GB,2022-10-16 21:59:32,51.5877,-2.9984,61.45,89,100,16.35
561,Vallenar,CL,2022-10-16 21:59:33,-28.5708,-70.7581,73.45,35,0,6.08
562,Tynda,RU,2022-10-16 21:59:33,55.1667,124.7167,21.85,74,67,3.96
563,Comodoro Rivadavia,AR,2022-10-16 21:59:34,-45.8667,-67.5,51.66,71,0,16.11
564,Kontagora,NG,2022-10-16 21:59:34,10.3999,5.4695,74.53,49,4,0.72
565,Izvestkovyy,RU,2022-10-16 21:59:34,48.9833,131.55,30.16,89,48,4.61
566,Moerai,PF,2022-10-16 21:59:35,-22.4333,-151.3333,71.33,71,78,21.52
567,Honiara,SB,2022-10-16 21:59:35,-9.4333,159.95,83.97,71,38,4.83
568,Smithers,CA,2022-10-16 21:55:35,54.7804,-127.1743,64.72,48,0,5.75
569,Tilichiki,RU,2022-10-16 21:59:36,60.4667,166.1,16.92,86,35,6.31
570,Domanivka,UA,2022-10-16 21:59:36,47.6319,30.9885,42.66,62,0,5.53
571,Minab,IR,2022-10-16 21:59:36,27.1467,57.0801,81.99,62,1,0.6
572,Khorramshahr,IR,2022-10-16 21:59:37,30.4397,48.1664,76.96,88,0,4.61
573,Merauke,ID,2022-10-16 21:59:37,-8.4667,140.3333,79.88,88,100,11.07
574,Limbang,MY,2022-10-16 21:59:37,4.75,115.0,75.31,97,99,2.35
575,Vryburg,ZA,2022-10-16 21:59:38,-26.9566,24.7284,66.92,56,100,6.53
576,Kununurra,AU,2022-10-16 21:59:38,-15.7667,128.7333,80.58,74,40,8.05
577,Hamilton,US,2022-10-16 21:56:25,39.1834,-84.5333,71.78,38,11,4.0
578,Messina,IT,2022-10-16 21:57:43,38.1933,15.5497,67.19,78,61,6.91
579,Milkovo,RU,2022-10-16 21:59:39,54.7167,158.6167,31.64,64,71,1.45
580,Zhigansk,RU,2022-10-16 21:59:39,66.7697,123.3711,25.34,96,100,9.98
581,Shache,CN,2022-10-16 21:59:39,38.4167,77.2406,53.38,18,34,3.18
582,Upata,VE,2022-10-16 21:59:40,8.0086,-62.3989,76.89,75,100,3.18
583,Poum,NC,2022-10-16 21:59:40,-20.2333,164.0167,75.34,66,7,10.38
584,Orichi,RU,2022-10-16 21:59:40,58.4036,49.0572,39.27,95,82,6.78
585,Cururupu,BR,2022-10-16 21:59:41,-1.8283,-44.8683,77.23,83,37,4.14
586,Kencong,ID,2022-10-16 21:59:41,-8.2833,113.3667,75.61,91,94,1.95
587,Kinsale,IE,2022-10-16 21:59:42,51.7075,-8.5306,56.23,82,75,25.32
588,Englehart,CA,2022-10-16 21:59:42,47.8169,-79.8664,46.42,76,100,3.44
589,Isernia,IT,2022-10-16 21:59:42,41.6002,14.2382,55.53,70,0,4.14
